INSERT INTO CLIENTES VALUES('00001','12345678A','Alvarez Martín','Isabel','Alameda de Osuna, nş 112, 2ş B, Madrid','111223344');
INSERT INTO CLIENTES VALUES('00002','23456789B','Ceballos López','Carlos','Avenida de los Castros, nş 27, Bajo, Santander','222334455');
INSERT INTO CLIENTES VALUES('00003','34567890C','Ruiz Esteban','Alfonso','Parque del Olivo, nş 7, 3ş, Reinosa','333445566');
INSERT INTO CLIENTES VALUES('00004','45678901D','Escudero Ruiz','Carmen','Paseo Pereda, nş 342, 2ş dcha, Santander','444556677');
INSERT INTO CLIENTES VALUES('00005','56789012E','Muriedas, Arce','Enrique','Calle Ruiz de Alda, nş 43, 1ş A, Torrelavega','555667788');
INSERT INTO CLIENTES VALUES('00006','67890123F','Arce Villegas','Manuel Antonio','Paseo Fernández Vallejo, nş 160, Bajo, Torrelavega','666778899');
INSERT INTO CLIENTES VALUES('00007','78901234G','Martínez Salces','María Luisa','Calle Valdenoja, nş 23, 4ş C, Santander','777889900');
INSERT INTO CLIENTES VALUES('00008','89012345H','Barquín Rodríguez','Antonio','Calle Fontaneda, s/n, Bajo, Reinosa','888990011');
INSERT INTO CLIENTES VALUES('00009','90123456I','Cos Herrero','Jesús','Calle Mayor, nş 10, Bajo, Correpoco','999001122');
INSERT INTO CLIENTES VALUES('00010','01234567J','Sanchez Valverde','Fernando','Travesía Peńafiel, nş 423, 1ş Izda, Valladolid','000112233');


ALTER SESSION SET NLS_DATE_FORMAT='YYYY/MM/DD';
INSERT INTO EMPLEADOS VALUES('10000','87654321A','Marta','Márquez Barcelona','Avenida del Sardinero, nş1, 3ş C, Santander','112233444','39012', '2009-03-21','Encargada de recambios');
INSERT INTO EMPLEADOS VALUES('20000','76543210B','Joaquín','Ruiz Díaz','Calle Revilla, nş 2, 2ş Dcha, Astillero','223344555','39403', '2008-06-01','Oficial de 2Ş, ayudante de mecánica');
INSERT INTO EMPLEADOS VALUES('30000','65432109C','Ernesto','Fernández Pellón','Avenida de Barreda, nş 327, bajo, Torrelavega','334455666','39300', '2010-02-23','Recepcionista');
INSERT INTO EMPLEADOS VALUES('40000','54321098D','Javier','Vegar Cos','Paseo Menéndez Pelayo, nş 42, 2ş dcha, Santander','445566777','39008', '2008-01-12','Jefe chapa/pintura');
INSERT INTO EMPLEADOS VALUES('50000','43210987E','Ana Luisa','González Fernández','Avenida del Alisal, nş 16, 1ş Izda, Santander','556677888','39011','2010-01-01','Administrativo');
INSERT INTO EMPLEADOS VALUES('60000','32109876F','Tomás','Ruiz Cerezo','Paseo Fernándo Arce, nş 160, Bajo, Torrelavega','667788999','39315','2008-06-01','Oficial de 2Ş, ayudante de chapa/pintura');
INSERT INTO EMPLEADOS VALUES('70000','21098765G','José Carlos','Sáinz Mata','Calle Valdenoja, nş 12, 2ş F, Santander','777889900','39016','2009-10-16','Oficial de 1Ş, mecánico');
INSERT INTO EMPLEADOS VALUES('80000','10987654H','Silvia','Robles Pereda','Calle Avelino García, nş 23, 4ş C, Heras','889900111','39213','2010-03-15','Gerente de Administración');
INSERT INTO EMPLEADOS VALUES('90000','09876543I','Luis Jesús','Hermida Martínez','Calle del desfiladero, nş 101, Bajo, LLanes','990011222','33500','2008-01-12','Jefe de electricidad');
INSERT INTO EMPLEADOS VALUES('11000','98765432J','Héctor','Díaz Trigo','Plaza de las Autonomías, nş 67, 5ş Izda, Santander','001122333','39316', '2008-01-12','Jefe de mecánica');

INSERT INTO VEHICULOS VALUES('1122 ABC','Citroen','C3','Azul cobalto','2006-08-16','00009');
INSERT INTO VEHICULOS VALUES('2233 ABC','Ford','Mondeo','Gris metalizado','2008-06-21','00002');
INSERT INTO VEHICULOS VALUES('3344 ABC','Nissan','Primera','Negro metalizado','2006-03-22','00009');
INSERT INTO VEHICULOS VALUES('4455 ABC','Seat','León','Rojo','2001-01-19','00005');
INSERT INTO VEHICULOS VALUES('5566 ABC','Daewo','Matiz','Azul Cobalto','2006-08-16','00008');
INSERT INTO VEHICULOS VALUES('6677 ABC','Renault','Megane Privilege','Azul','2009-10-12','00004');
INSERT INTO VEHICULOS VALUES('7788 ABC','Opel','Corsa Personality','Negro','2010-11-26','00003');
INSERT INTO VEHICULOS VALUES('8899 ABC','BMW','X3','Verde','2009-01-05','00002');
INSERT INTO VEHICULOS VALUES('9900 ABC','Renault','Laguna','Blanco','2010-11-06','00001');
INSERT INTO VEHICULOS VALUES('0011 ABC','Hyundai','Tucson','Negro azabache','2010-09-22','00007');
INSERT INTO VEHICULOS VALUES('1111 DEF','Suzuki','Vitara','Gris magenta','2010-05-30','00006');
INSERT INTO VEHICULOS VALUES('1212 DEF','Citroen','C4','Azul Turquesa','2009-07-07','00010');
INSERT INTO VEHICULOS VALUES('1313 DEF','Seat','Ibiza','Gris','2009-12-23','00003');
INSERT INTO VEHICULOS VALUES('1414 DEF','Volkswagen','Golf','Azul marino','2010-08-15','00004');
INSERT INTO VEHICULOS VALUES('1515 DEF','Renault','Clio','Gris perla','2004-04-23','00010');
INSERT INTO VEHICULOS VALUES('1616 DEF','Seat','Leon','Rojo','2007-06-21','00009');

INSERT INTO RECAMBIOS VALUES('BD_000_111','Bomba de dirección','Unidad',12,3.25);
INSERT INTO RECAMBIOS VALUES('TF_000_222','Tambor de freno','Unidad',6,120.00);
INSERT INTO RECAMBIOS VALUES('AA_000_333','Amortiguación','Caja de 2 unidades',5,65.00);
INSERT INTO RECAMBIOS VALUES('DF_000_444','Disco de freno','Caja 4 unidades',12,145.50);
INSERT INTO RECAMBIOS VALUES('FA_000_555','Filtro de aceite','Unidad',12,89.00);
INSERT INTO RECAMBIOS VALUES('CD_000_666','Correa de distribución','Unidad',12,105.00);
INSERT INTO RECAMBIOS VALUES('BB_000_777','Bateria','Unidad',23,120.00);
INSERT INTO RECAMBIOS VALUES('CD_000_888','Cremallera de dirección','Unidad',4,92.10);
INSERT INTO RECAMBIOS VALUES('CC_000_999','Caja de cambios','Unidad',12,320.00);
INSERT INTO RECAMBIOS VALUES('RR_111_111','Radiador','unidad',6,88.9);
INSERT INTO RECAMBIOS VALUES('FA_111_222','Filtro de aire','Unidad',25,76.00);
INSERT INTO RECAMBIOS VALUES('EE_111_333','Escobillas','Caja de 2 unidades',43,76.34);
INSERT INTO RECAMBIOS VALUES('EM_111_444','Embrague','Juego de 2 unidades',2,112.00);
INSERT INTO RECAMBIOS VALUES('TT_111_555','Trasmisión','Unidad',4,201.00);
INSERT INTO RECAMBIOS VALUES('BJ_111_666','Bujías','Caja de 2 unidades',4,89.00);
INSERT INTO RECAMBIOS VALUES('PF_111_777','Pastillas de freno','Caja de 2 unidades',6,145.00);
INSERT INTO RECAMBIOS VALUES('TE_111_888','Tubo de escape','Unidad',7,210.00);
INSERT INTO RECAMBIOS VALUES('CA_111_999','Compresor de aire acondicionado','Unidad',2,450.00);
INSERT INTO RECAMBIOS VALUES('ZF_222_111','Zapatas de freno','Caja de 2 unidades',12,23.25);
INSERT INTO RECAMBIOS VALUES('CA_222_222','Carburador','Unidad',5,350.00);
INSERT INTO RECAMBIOS VALUES('JU_222_333','Juntas','Unidad',34,2.00);
INSERT INTO RECAMBIOS VALUES('IN_222_444','Inyectores','2 Unidades', 12, 57.50);
INSERT INTO RECAMBIOS VALUES('PL_222_555','Plaquetas','Juego de 4',6,60.94);
INSERT INTO RECAMBIOS VALUES('RV_222_666','Mando regulación velocidad','Unidad',3,55.32);
INSERT INTO RECAMBIOS VALUES('LD_222_777','Juego de lámparas delantero','2 Unidades',12,11.37);


INSERT INTO REPARACIONES VALUES(1,'5566 ABC','2016-12-30',50000,'Posible desgaste de la correa de distribución','2017-01-01',1,'Sin observaciones');
INSERT INTO REPARACIONES VALUES(2,'1313 DEF','2017-01-01',60000,'Ruido tubo de escape','2017-01-02',1,'Cambiar si es necesario');
INSERT INTO REPARACIONES VALUES(3,'0011 ABC','2017-01-01',32000,'Revisar fogueo de inyectores','2017-01-03',1,'Ruido al arrancar en frío');
INSERT INTO REPARACIONES VALUES(4,'1414 DEF','2017-01-03',2500,'Ruptura pieza mando regulación velocidad','2017-01-04',1,'Sin observaciones');
INSERT INTO REPARACIONES VALUES(5,'9900 ABC','2017-01-03',83400,'No funciona aire acondicionado','2017-01-06',1,'Sin observaciones');
INSERT INTO REPARACIONES VALUES(6,'1313 DEF','2017-01-03',61000,'Fundida lámpara faro delantero izquierdo','2017-01-04',1,'Sustutuir');
INSERT INTO REPARACIONES VALUES(7,'4455 ABC','2017-01-04',10000,'Batería se descarga','2017-01-04',1,'Observar funcionamiento');
INSERT INTO REPARACIONES VALUES(8,'4455 ABC','2017-01-05',10000,'No arranca. Posible sustitución bateria','2017-01-07',1,'Sin observaciones');
INSERT INTO REPARACIONES VALUES(9,'1515 DEF','2017-01-07',45000,'Ruido amortiguadores','2017-01-08',0,'No acepta presupuesto');
INSERT INTO REPARACIONES VALUES(10,'1212 DEF','2017-01-10',62300,'El radiador pierde agua',NULL,0,'Pendiente de entrega');


INSERT INTO ACTUACIONES VALUES('1110001111','Cambiar correa de distribución',2.5,125.00);
INSERT INTO ACTUACIONES VALUES('1110002222','Cambiar tubo de escape',3,150.00);
INSERT INTO ACTUACIONES VALUES('1110003333','Sustituir junta de inyectores',2.70,135.00);
INSERT INTO ACTUACIONES VALUES('1110004444','Sustitución mando regulación velocidad',0.60,30.00);
INSERT INTO ACTUACIONES VALUES('1110005555','Cambiar compresor de aire acondicionado',3.30,160.50);
INSERT INTO ACTUACIONES VALUES('1110006666','Cambiar batería',1.3,60.50);
INSERT INTO ACTUACIONES VALUES('1110007777','Sustitución escobillas',0.70,35.00);
INSERT INTO ACTUACIONES VALUES('1110008888','Sustitución de lámparas',0.20,10.00);
INSERT INTO ACTUACIONES VALUES('1110009999','Limpieza de inyectores',1.75,87.50);
INSERT INTO ACTUACIONES VALUES('1111110000','Sustitución correa transmisión', 2.15, 100.75);
INSERT INTO ACTUACIONES VALUES('1112220000','Limpieza carburador',2.10,100.50);
INSERT INTO ACTUACIONES VALUES('1113330000','Cambio filtro aceite',0.70,35.00);
INSERT INTO ACTUACIONES VALUES('1114440000','Cambiar junta',0.20,10.00);
INSERT INTO ACTUACIONES VALUES('1115550000','Sustituir líquido de frenos',0.5,25.00);
INSERT INTO ACTUACIONES VALUES('1116660000','Cambiar amortiguadores',1.5,75.00);
INSERT INTO ACTUACIONES VALUES('1117770000','Cambiar radiador',2.50,120.50);
INSERT INTO ACTUACIONES VALUES('1118880000','Limpiar Bujías',0.30,20.50);

INSERT INTO FACTURAS VALUES(0010,'2017-01-01','00005',1);
INSERT INTO FACTURAS VALUES(0011,'2017-01-03','00007',2);
INSERT INTO FACTURAS VALUES(0012,'2017-01-03','00001',3);
INSERT INTO FACTURAS VALUES(0013,'2017-01-05','00005',6);
INSERT INTO FACTURAS VALUES(0014,'2017-01-07','00006',5);
INSERT INTO FACTURAS VALUES(0015,'2017-01-07','00010',4);
INSERT INTO FACTURAS VALUES(0016,'2017-01-07','00006',7);
INSERT INTO FACTURAS VALUES(0017,'2017-01-10','00005',8);
INSERT INTO FACTURAS VALUES(0018,'2017-01-10','00002',10);

INSERT INTO Realizan VALUES(1,'1110001111',2.50);
INSERT INTO Realizan VALUES(1,'1114440000',0.20);
INSERT INTO Realizan VALUES(2,'1110002222',3.00);
INSERT INTO Realizan VALUES(3,'1110009999',1.75);
INSERT INTO Realizan VALUES(3,'1110003333',3.00);
INSERT INTO Realizan VALUES(4,'1110004444',0.60);
INSERT INTO Realizan VALUES(5,'1110005555',3.30);
INSERT INTO Realizan VALUES(6,'1110008888',0.30);
INSERT INTO Realizan VALUES(6,'1110007777',0.10);
INSERT INTO Realizan VALUES(7,'1110006666',1.30);
INSERT INTO Realizan VALUES(8,'1110006666',1.30);
INSERT INTO Realizan VALUES(8,'1114440000',0.20);
INSERT INTO Realizan VALUES(10,'1117770000',2.5);
INSERT INTO Realizan VALUES(10,'1114440000',0.20);
INSERT INTO Realizan VALUES(10,'1118880000',0.30);

INSERT INTO Incluyen VALUES('CD_000_666',1,1);
INSERT INTO Incluyen VALUES('JU_222_333',1,2);
INSERT INTO Incluyen VALUES('TE_111_888',2,1);
INSERT INTO Incluyen VALUES('IN_222_444',3,2);
INSERT INTO Incluyen VALUES('PL_222_555',3,1);
INSERT INTO Incluyen VALUES('RV_222_666',4,1);
INSERT INTO Incluyen VALUES('CA_111_999',5,1);
INSERT INTO Incluyen VALUES('LD_222_777',6,1);
INSERT INTO Incluyen VALUES('EE_111_333',6,1);
INSERT INTO Incluyen VALUES('BB_000_777',7,1);
INSERT INTO Incluyen VALUES('BB_000_777',8,1);
INSERT INTO Incluyen VALUES('JU_222_333',8,1);
INSERT INTO Incluyen VALUES('RR_111_111',10,1);
INSERT INTO Incluyen VALUES('JU_222_333',10,2);


INSERT INTO Intervienen VALUES('20000',1,2.00);
INSERT INTO Intervienen VALUES('70000',1,0.50);
INSERT INTO Intervienen VALUES('20000',2,3.10);
INSERT INTO Intervienen VALUES('40000',2,3.10);
INSERT INTO Intervienen VALUES('70000',3,1.50);
INSERT INTO Intervienen VALUES('11000',3,1.20);
INSERT INTO Intervienen VALUES('90000',4,0.20);
INSERT INTO Intervienen VALUES('60000',4,0.40);
INSERT INTO Intervienen VALUES('20000',5,1.00);
INSERT INTO Intervienen VALUES('60000',5,0.75);
INSERT INTO Intervienen VALUES('40000',6,0.30);
INSERT INTO Intervienen VALUES('11000',7,0.30);
INSERT INTO Intervienen VALUES('20000',7,0.30);
INSERT INTO Intervienen VALUES('90000',8,1.00);
INSERT INTO Intervienen VALUES('20000',8,0.75);
INSERT INTO Intervienen VALUES('70000',9,0.10);
INSERT INTO Intervienen VALUES('70000',10,0.50);
INSERT INTO Intervienen VALUES('20000',10,0.10);
COMMIT;